Optimizer,Precision,Recall,F1,AUC,Kappa
adamax,0.7172821197416986,0.6880669134786782,0.6865683314866978,0.8273302304166998,0.6627619835509829
rmsprop,0.70881009150617,0.6893011563599799,0.6821137874017875,0.8273103659912855,0.6515012881608049
adam,0.7081831802910235,0.6643542895013483,0.6700312599012687,0.8153163119314994,0.6475188184042118
