Optimizer,Precision,Recall,F1,AUC,Kappa
adamax,0.7182278544648808,0.6714585447232505,0.6745581892612836,0.8196440417678877,0.6639260282805536
rmsprop,0.6621754269061865,0.644429800772938,0.6401769517177093,0.8029045570421234,0.6156292267279236
adam,0.6898945306916673,0.6188686868686869,0.6279043086444447,0.7913115850044542,0.6141500702225753
