Optimizer,Precision,Recall,F1,AUC,Kappa
adamax,0.7364162660631007,0.6973126971068148,0.6964086501483518,0.8324484941748026,0.6690173108035921
rmsprop,0.7247200410059755,0.6861027697792403,0.6826246701961386,0.8260417433798443,0.6558020916193992
adam,0.711076951865722,0.6579451528863293,0.6696055972567775,0.8117543172723013,0.6410905546714303
