Optimizer,Precision,Recall,F1,AUC,Kappa
adamax,0.727764180452676,0.6676829379770557,0.6783583907657426,0.8170538025962802,0.6579039704144991
rmsprop,0.719656013686186,0.69706960124117,0.694399193798256,0.8303828741153801,0.6535848057561122
adam,0.7151288578155635,0.6897647719020269,0.684790235536553,0.8266843135516365,0.641875131238345
