Optimizer,Precision,Recall,F1,AUC,Kappa
adamax,0.645651008684654,0.6008452625805567,0.6024652591198992,0.7818826228565614,0.6075165347330739
rmsprop,0.6487456629588819,0.6024670231729056,0.6026877439239845,0.7823839640213844,0.6099667553643064
adam,0.6427070875174591,0.5867980255039078,0.5902501715085519,0.7737327553510677,0.5886096505898235
