Optimizer,Precision,Recall,F1,AUC,Kappa
adamax,0.7385000811692702,0.695721150672131,0.6991707607251357,0.8314401112325681,0.6690664234873807
rmsprop,0.7251826074788905,0.6810003656474245,0.6809097427373789,0.8231561603304641,0.6503269468813195
adam,0.7236327100849805,0.6773843411490471,0.6851433032837781,0.8219333884561778,0.6559297938236274
