Optimizer,Precision,Recall,F1,AUC,Kappa
adamax,0.7031517908979255,0.652930138488962,0.655075114824187,0.8086142401969943,0.6334823988223758
rmsprop,0.6666517457184716,0.6381695004342064,0.6258095547520758,0.8004626031239281,0.6159650800488637
adam,0.6586383180649839,0.6103359385712327,0.6162816266954894,0.7872693206214908,0.6139611600951244
