Optimizer,Precision,Recall,F1,AUC,Kappa
adamax,0.6684182400790458,0.6448055669820375,0.6400243783766143,0.8053909802154268,0.6383382990977216
rmsprop,0.6604994690311242,0.6458074180721239,0.6309827436532272,0.8053990700208443,0.6342437236233496
adam,0.6480925850392979,0.6313272772978654,0.6263045644025753,0.7977567365114373,0.617913069522452
