Optimizer,Precision,Recall,F1,AUC,Kappa
adamax,0.7446522429006635,0.6821176699117877,0.6929975659947155,0.8251501884244892,0.670266867653175
rmsprop,0.7089577269134554,0.6841034782211253,0.6810450855101137,0.8260969696943953,0.6700810890038653
adam,0.7089105115480704,0.67195184880479,0.673074473798501,0.8189780799947637,0.6454131358037029
