{"dropout": 0.30000000000000004, "act": "tanh", "lr": 0.033000000000000015, "units": 102}