{"units": 142, "act": "tanh", "dropout": 0.30000000000000004, "lr": 0.008899999782443047}