Optimizer,Precision,Recall,F1,AUC,Kappa
adamax,0.7277309354559329,0.6659914301384889,0.6757338084813219,0.8167094174728633,0.6583454996249031
rmsprop,0.7171525616978748,0.6591925819278761,0.6622382580903223,0.8124792167102922,0.6420374974364514
adam,0.6616795070424045,0.5977753553635906,0.6078909206267086,0.779990198303539,0.5971032242357739
