Optimizer,Precision,Recall,F1,AUC,Kappa
adamax,0.7512710401549606,0.6580882352941176,0.6777901497502334,0.8140744628621778,0.6768696020902737
rmsprop,0.7096994411163245,0.6746353124000183,0.6705263360389687,0.8219178990116723,0.670824030846474
adam,0.7190183565091749,0.659131130307601,0.6678731755589924,0.8133866340849022,0.6564903530602054
