Optimizer,Precision,Recall,F1,AUC,Kappa
adamax,0.6606687968848366,0.6171028383381324,0.6185285658903374,0.7912692627614404,0.6238569430590957
rmsprop,0.6618531800103306,0.6323012706248,0.6242048547909497,0.7986684561780993,0.6253894462923031
adam,0.6825764790973364,0.6023414004296358,0.6162952336380169,0.7831011399895892,0.6082498112139326
