Optimizer,Precision,Recall,F1,AUC,Kappa
adamax,0.7539791814968035,0.6730137574843457,0.6838103091709481,0.8206691126353616,0.6639063970659608
rmsprop,0.7264800880084147,0.6600733351615705,0.665567266461113,0.8141763194960708,0.6623519853862075
adam,0.7149302866226132,0.6386407742584213,0.6518822256286562,0.8031565236894478,0.6511556394047138
