Optimizer,Precision,Recall,F1,AUC,Kappa
adamax,0.7211134486411996,0.6087233191644955,0.6256577408999758,0.7868327108166383,0.6271677361790192
rmsprop,0.6719697253256073,0.6219285387814799,0.6214218558935228,0.7930300259562499,0.6207124042862014
adam,0.6686241396228403,0.5931538461538461,0.6047247575966267,0.777346701024734,0.602921536113488
