Optimizer,Precision,Recall,F1,AUC,Kappa
adamax,0.7000383120361483,0.649736025412496,0.6537197841240204,0.8083706729677056,0.6479603217310531
rmsprop,0.658786764625226,0.6148315736551031,0.6158204383243713,0.7885708330282409,0.604624974766065
adam,0.6440977489104073,0.5883044014808722,0.5944351155675475,0.774930234714012,0.5896730004772881
