Optimizer,Precision,Recall,F1,AUC,Kappa
adamax,0.6898613217058106,0.6270740436034553,0.634657635859759,0.7957902160684003,0.6217154547804445
rmsprop,0.653377384642211,0.6174548425430778,0.6151508117874914,0.7914611088558051,0.6231363062123115
adam,0.6639888948732665,0.610229078111431,0.6158178408712035,0.7872715885148475,0.6182485097678415
