Optimizer,Precision,Recall,F1,AUC,Kappa
adamax,0.7240384281866418,0.660566730654966,0.6658932790023872,0.813261082365616,0.6489835819105468
rmsprop,0.7328883597833347,0.6597319321927165,0.6716637473448984,0.8109875192207685,0.633613693183359
adam,0.7219488212121221,0.6620778397347026,0.6607096043048062,0.811990087262374,0.6275285936286726
