Optimizer,Precision,Recall,F1,AUC,Kappa
adamax,0.7237955151495644,0.6650126376891082,0.6738965332395845,0.816519500843527,0.6643885224399083
rmsprop,0.7222558433444272,0.6636030897207368,0.6678192110277754,0.8155407113355345,0.6535283177093413
adam,0.7176279525372024,0.659873326020385,0.6682685843701703,0.8129374339559546,0.6487405401789463
