{"dropout": 0.30000000000000004, "act": "elu", "lr": 0.006400000000000002, "units": 32}