{"dropout": 0.30000000000000004, "act": "relu", "lr": 0.0014000000000000002, "units": 112}