{"dropout": 0.30000000000000004, "act": "elu", "lr": 0.030400000000000014, "units": 102}