{"units": 152, "act": "relu", "dropout": 0.30000000000000004, "lr": 0.0010000000474974513}