{"dropout": 0.30000000000000004, "act": "tanh", "lr": 0.012700000000000006, "units": 82}