{"dropout": 0.30000000000000004, "act": "sigmoid", "lr": 0.051500000000000025, "units": 102}