{"dropout": 0.30000000000000004, "act": "tanh", "lr": 0.016100000000000007, "units": 57}