Optimizer,Precision,Recall,F1,AUC,Kappa
adamax,0.6705571989128138,0.6054215457744868,0.610872437319101,0.786165280855121,0.6423325571852799
rmsprop,0.6316464489210224,0.6249100329590526,0.6107002452411016,0.7945465822054181,0.6292113645004792
adam,0.6559927425140603,0.6172195712783948,0.6157614797632937,0.7915037069802714,0.6324564900175725
