Optimizer,Precision,Recall,F1,AUC,Kappa
adamax,0.6980674425169283,0.6319270457211634,0.6369041810760541,0.7979789227279781,0.6348621063394474
rmsprop,0.6876455520720791,0.6268115265272128,0.6263677980985746,0.7950562987102421,0.6321837184914647
adam,0.6485307700274608,0.6133054603348721,0.6111330779600166,0.7882445906142657,0.6267243141804061
