Optimizer,Precision,Recall,F1,AUC,Kappa
adamax,0.7155406528733009,0.6853439625008253,0.6818915382823411,0.8245296073881399,0.6524484747491078
rmsprop,0.7172089053999594,0.7043229877421054,0.686646415258466,0.8292324578616309,0.6197100391143886
adam,0.6946357088520307,0.663796044913692,0.6581567845543849,0.8127326818383028,0.6357490555126
