Optimizer,Precision,Recall,F1,AUC,Kappa
adamax,0.7236626417460865,0.6632944604415192,0.6726397518565296,0.8152019297133659,0.658785593411295
rmsprop,0.6833490113872879,0.640107043283514,0.6425752696420238,0.8034942210787972,0.6524929073937732
adam,0.716346740413396,0.6454819918643449,0.6554004733631072,0.8053462774607963,0.6450532937215897
