Optimizer,Precision,Recall,F1,AUC,Kappa
adamax,0.7033619321944197,0.648941793500617,0.656457659570443,0.8079707922586238,0.6622488031322119
rmsprop,0.6988564043449101,0.6515333831020104,0.6520078569463633,0.8088227335687973,0.6621204954177925
adam,0.6957520976400714,0.6473815302344713,0.6532546666066047,0.8074313670776142,0.6592123234158883
