Optimizer,Precision,Recall,F1,AUC,Kappa
adamax,0.7094525028661268,0.6667716531834178,0.662643900928442,0.8161408385544097,0.6559503489526534
rmsprop,0.6925309256629749,0.670145321998263,0.6620538722874048,0.8179573924066498,0.6566638873900712
adam,0.6946925496321587,0.63907758581288,0.6429374630181651,0.8022022836683925,0.6428367268855152
