Optimizer,Precision,Recall,F1,AUC,Kappa
adamax,0.7341268008221821,0.674211138534668,0.6839553983573654,0.8209089793284275,0.6734948707700861
rmsprop,0.7120646864774892,0.6633319418417457,0.6677195525859556,0.8126580658585434,0.6363675779448587
adam,0.6805753405658271,0.653142358730594,0.6501189224380958,0.8092444194529244,0.6430811130647992
