Optimizer,Precision,Recall,F1,AUC,Kappa
adamax,0.6582451770352841,0.6268604813849912,0.6181830071356912,0.7932816037770261,0.6155464090047148
rmsprop,0.6857087016169471,0.6139182524084484,0.614392467296449,0.7860024147071907,0.6067439987555058
adam,0.6385915510861566,0.585988243419616,0.5823852771427044,0.7740388121574865,0.6134553030726105
