Optimizer,Precision,Recall,F1,AUC,Kappa
adamax,0.64641145496845,0.6154350061703003,0.6107469241686325,0.7901636169653639,0.6355508558875858
rmsprop,0.6698016714157059,0.6244636409342292,0.6263672276866745,0.7952386681285885,0.6412307235138698
adam,0.6335582787079531,0.6132939805292746,0.6059385077428615,0.7884640434768397,0.6241125578054197
