Optimizer,Precision,Recall,F1,AUC,Kappa
adamax,0.6742042268101965,0.5968029617441382,0.6083398338630382,0.7809430758666253,0.6253391274204713
rmsprop,0.6645925370540514,0.5975979706567941,0.603704961331796,0.7809385347518862,0.6164043392666413
adam,0.6766892385051975,0.5614293843411491,0.5798403393374344,0.7620931996160073,0.6025762272932339
