Optimizer,Precision,Recall,F1,AUC,Kappa
adamax,0.6786865777102237,0.6178264545911604,0.6261592814194006,0.7929044581364512,0.6457125976905084
rmsprop,0.672615309593028,0.6137497371909136,0.6187728554048664,0.7893298261423155,0.623386844055347
adam,0.6701087182538107,0.6147483660130718,0.6217398424468543,0.7903332042969621,0.6307044251486685
