Optimizer,Precision,Recall,F1,AUC,Kappa
adamax,0.6763813463724889,0.5967126011243659,0.6070721924629549,0.7809362144115995,0.614614856248613
rmsprop,0.661475274512359,0.6214515517162577,0.6210119665072816,0.7935428297659245,0.6328304818679781
adam,0.6617057942057941,0.6296954385483796,0.6258782592900252,0.7970890703122069,0.6257044659790569
