Optimizer,Precision,Recall,F1,AUC,Kappa
adamax,0.7431774872509386,0.6567658485305544,0.6700628700735988,0.8135769621256032,0.6737708106286798
rmsprop,0.7402785325353639,0.6560044791809498,0.6720730260302478,0.8117682282586739,0.6593423943917719
adam,0.7236871863522412,0.6553861186018048,0.6631101412915689,0.8105205415974431,0.655038275774035
