Optimizer,Precision,Recall,F1,AUC,Kappa
adamax,0.7132938217448554,0.6485718725718725,0.6606243822100464,0.8089303413032418,0.6659482542133524
rmsprop,0.704673045696311,0.648735179852827,0.6556905973847916,0.8088198448092335,0.6608883539005839
adam,0.6909974802832823,0.6442734585675763,0.6503387637741197,0.8062781681316382,0.6537463818522987
