Optimizer,Precision,Recall,F1,AUC,Kappa
adamax,0.6812260943105658,0.6066856574797751,0.6203697974029523,0.7865499659246837,0.6369382257675019
rmsprop,0.6515218518377573,0.5976808583573289,0.6010004015198339,0.7813769485185301,0.6200482190220424
adam,0.6626332903543048,0.6110424151012386,0.6121848645084373,0.7873962982035883,0.6174213981583819
