Optimizer,Precision,Recall,F1,AUC,Kappa
adamax,0.7154869681558395,0.6706241373006079,0.6761711528664786,0.8204430334234618,0.6791733516848342
rmsprop,0.712125818958209,0.6670339366515837,0.6658041741513538,0.8175933191888148,0.6646451207807139
adam,0.7006066545568203,0.6430437634261164,0.6569739463013983,0.8053647973873721,0.6510370444083381
