Optimizer,Precision,Recall,F1,AUC,Kappa
adamax,0.7185707921392007,0.6581012614836144,0.6645261014231828,0.8142815955758557,0.6771127409820092
rmsprop,0.6945014339884518,0.6731812468577174,0.6685674237474769,0.8219003627360463,0.6786083133595279
adam,0.7217160811194335,0.6486485671191553,0.6616855311509519,0.8080191102572668,0.6509733658450043
