Optimizer,Precision,Recall,F1,AUC,Kappa
adamax,0.7191087612399415,0.6397100187394305,0.6546078529572169,0.8041522885067831,0.6602847524773662
rmsprop,0.7194153476347899,0.6376822752410988,0.6517258869684956,0.8026565633334891,0.655211320637011
adam,0.6930641891850189,0.6557155263037616,0.6547022739636734,0.8112996281643987,0.6509447046262874
