{"dropout": 0.30000000000000004, "act": "tanh", "lr": 0.0013000000000000002, "units": 147}