{"dropout": 0.30000000000000004, "act": "tanh", "lr": 0.029900000000000013, "units": 97}