{"dropout": 0.30000000000000004, "act": "relu", "lr": 0.006100000000000002, "units": 167}