Optimizer,Precision,Recall,F1,AUC,Kappa
adamax,0.7191216142496999,0.666894612286769,0.6754742069222988,0.8143109608414235,0.6348230377077723
rmsprop,0.7425669021617206,0.6621617507401821,0.6777213991115566,0.8115792953638169,0.6262910061387017
adam,0.7097714723589278,0.6485665757626542,0.6550278117905933,0.8060576823084694,0.6398427815679901
