Optimizer,Precision,Recall,F1,AUC,Kappa
adamax,0.7267706180964525,0.6497805429864253,0.6659732146044798,0.8092066375064074,0.6664627681748749
rmsprop,0.6960998847748856,0.6415158142511084,0.6479911602935893,0.8053827890565176,0.6706379716766623
adam,0.6965629981789755,0.6536341926047808,0.6571346609344804,0.8115619981916287,0.6720104267982445
