Optimizer,Precision,Recall,F1,AUC,Kappa
adamax,0.6822937808334447,0.6405397514613201,0.6430863681741742,0.802197352774944,0.6282021901707503
rmsprop,0.6594487775517891,0.6266148132912839,0.6273566324627089,0.7965993644034461,0.6405074127498753
adam,0.6500407199065988,0.6089259208474895,0.6119325791426493,0.7855725413253983,0.6109911093669825
