Optimizer,Precision,Recall,F1,AUC,Kappa
adamax,0.6505849697040514,0.6019038804332921,0.6103107303636629,0.7831388849847462,0.6192787110531683
rmsprop,0.6629737497132925,0.6301976502074541,0.6293541616437123,0.7970150836996502,0.6277473433086613
adam,0.6634602162608424,0.6153154394624983,0.6195057230183384,0.7905273256274596,0.6335171295272434
