Optimizer,Precision,Recall,F1,AUC,Kappa
adamax,0.6957028532964361,0.6668018140175004,0.668203744848237,0.816642975930843,0.6546329220814321
rmsprop,0.7098872065353308,0.6515783101248788,0.6557135638659356,0.807085003760438,0.6363837854034764
adam,0.6539547296273835,0.6515794749912397,0.6389651631250005,0.8064989748481556,0.6178253947295368
