Optimizer,Precision,Recall,F1,AUC,Kappa
adamax,0.6935257249326612,0.650156040038393,0.6551803566993498,0.8092016898050179,0.661771498788899
rmsprop,0.706784276590784,0.6511016499840029,0.6559172107911684,0.8094131143737915,0.6613206958611456
adam,0.6970937261210967,0.657385049590932,0.6635474117842523,0.8120696682172222,0.6524834322623685
