Optimizer,Precision,Recall,F1,AUC,Kappa
adamax,0.7045788514961603,0.646087427822722,0.6554933725685326,0.8056877445282332,0.6447223596577174
rmsprop,0.7181825014528989,0.65442712189771,0.6669245947502854,0.8117187904405876,0.6745486885476586
adam,0.6937119372446326,0.6583122629004982,0.6573344677067505,0.813512270086946,0.6645263042449435
