Optimizer,Precision,Recall,F1,AUC,Kappa
adamax,0.6907431250717854,0.6268667443667444,0.6355961584276808,0.7968593001817489,0.6515044034769782
rmsprop,0.6555213229994747,0.6223746032471523,0.6241520496322444,0.7924848402291934,0.6263628186483537
adam,0.6286312008159601,0.5769404426365211,0.5827171178598759,0.7680460714790319,0.5885562228279065
