Optimizer,Precision,Recall,F1,AUC,Kappa
adamax,0.6814208217679444,0.6041601307189542,0.6171759125246515,0.7850437850178982,0.6297625402612254
rmsprop,0.6422184208762362,0.5928192559074912,0.6001909827731711,0.7784710100440995,0.6152691834883469
adam,0.6568611353651579,0.6242848621966269,0.6231926838997349,0.7956740397482119,0.6456274475127107
