{"dropout": 0.30000000000000004, "act": "elu", "lr": 0.007500000000000003, "units": 182}