{"dropout": 0.30000000000000004, "act": "relu", "lr": 0.013000000000000005, "units": 252}