{"units": 32, "act": "tanh", "dropout": 0.30000000000000004, "lr": 0.02160000056028366}