{"units": 127, "act": "tanh", "dropout": 0.30000000000000004, "lr": 0.02630000002682209}