Optimizer,Precision,Recall,F1,AUC,Kappa
adamax,0.7273865891016306,0.6482164861282508,0.6551175163887537,0.8069025666552022,0.640933151820458
rmsprop,0.7396381845328279,0.6533217976649349,0.665026733773465,0.8071596321228234,0.6338881963512472
adam,0.6894654007989658,0.6231327909563203,0.6328386858744534,0.7926119181858119,0.6136176982867637
