Optimizer,Precision,Recall,F1,AUC,Kappa
adamax,0.6444079890489002,0.5808629736276796,0.5904861871296659,0.7734421516395408,0.6302066920577498
rmsprop,0.6282269761413324,0.5684535399241281,0.5769338561615017,0.7669760786684847,0.6172896912698889
adam,0.6350214144721721,0.5778296540061246,0.5807944729615223,0.7715681779297351,0.617381155859781
