Optimizer,Precision,Recall,F1,AUC,Kappa
adamax,0.6350853440089205,0.5687339457927693,0.5799607784150432,0.7666504963063315,0.6081503640576612
rmsprop,0.6529391236827441,0.5871465789112847,0.596291656705988,0.7765956993827302,0.6237934600299039
adam,0.6197782804862936,0.5875149686914393,0.5840427946945043,0.7763228133729831,0.6133366836146344
