Optimizer,Precision,Recall,F1,AUC,Kappa
adamax,0.7116415901422295,0.6033403238011081,0.621868822725198,0.7823300913816275,0.6111898616203367
rmsprop,0.6786626646123392,0.5662578017479979,0.5831629374977886,0.7625490008005341,0.586945152343297
adam,0.6869797589858729,0.5962590332688373,0.6112054510340628,0.7788868690855653,0.6068419780206101
