Optimizer,Precision,Recall,F1,AUC,Kappa
adamax,0.6681887166220242,0.6153683136036077,0.6202719392885975,0.7905327060597732,0.6353543363358192
rmsprop,0.7191186836909002,0.649202660085013,0.6609995023054716,0.8073171888786522,0.6469108608814108
adam,0.6515853494192528,0.6092513216630864,0.6125468175263371,0.7859802587749932,0.6089866232813886
