Optimizer,Precision,Recall,F1,AUC,Kappa
adamax,0.7364455056358611,0.6817168670109846,0.6901235856598271,0.825472359923041,0.6764069667801754
rmsprop,0.7059348370593072,0.6554659211521957,0.6646423259921183,0.8119357954639127,0.6667897628377345
adam,0.6931135842606908,0.6375903783942999,0.6474184968917006,0.8014855091331334,0.6398318542987349
