Optimizer,Precision,Recall,F1,AUC,Kappa
adamax,0.7210815303466297,0.6537723844782669,0.6619926809747222,0.8104313220397862,0.6568813110296164
rmsprop,0.7032988860950701,0.6667078819872937,0.6654744520804085,0.8156473716782792,0.6483374178475737
adam,0.6872993778476234,0.6346085439614851,0.6391929996972382,0.8005848289056648,0.6497944542242089
