Optimizer,Precision,Recall,F1,AUC,Kappa
adamax,0.6814972683063756,0.6184176556921654,0.6321760680213169,0.7918664395014129,0.637947146443033
rmsprop,0.6787009895881052,0.6147122354769413,0.6195382723390758,0.7896751659506479,0.6226779923055119
adam,0.665387024734759,0.6069081971042756,0.6143669645847908,0.7851257865047373,0.6161369354940633
