Optimizer,Precision,Recall,F1,AUC,Kappa
adamax,0.7088673039111636,0.6106796471502354,0.6271946787533497,0.7896458366707573,0.6525898933078355
rmsprop,0.6568142974510914,0.6146670830984556,0.6156579436030506,0.7898666189293119,0.6259468762402924
adam,0.6510933441669088,0.5900119749531515,0.5933199832656227,0.7776083880785519,0.6211398983982145
