{"dropout": 0.30000000000000004, "act": "elu", "lr": 0.029100000000000015, "units": 32}