{"dropout": 0.30000000000000004, "act": "tanh", "lr": 0.01730000000000001, "units": 87}