{"dropout": 0.30000000000000004, "act": "tanh", "lr": 0.003000000000000001, "units": 67}