{"dropout": 0.30000000000000004, "act": "tanh", "lr": 0.015900000000000008, "units": 227}