{"dropout": 0.30000000000000004, "act": "tanh", "lr": 0.012800000000000006, "units": 102}