{"dropout": 0.30000000000000004, "act": "relu", "lr": 0.0029000000000000007, "units": 102}