{"dropout": 0.30000000000000004, "act": "tanh", "lr": 0.004400000000000001, "units": 187}