{"dropout": 0.30000000000000004, "act": "tanh", "lr": 0.014000000000000005, "units": 102}