Optimizer,Precision,Recall,F1,AUC,Kappa
adamax,0.7172850278584869,0.6567626262626263,0.6718237178688947,0.8127030875964825,0.6683511868148272
rmsprop,0.7268586295859024,0.6786951033715739,0.684369592800601,0.8230768837975636,0.665060037882127
adam,0.7023990313214061,0.6709019836372777,0.6701796046494483,0.8196842341681254,0.6715796950468528
