Optimizer,Precision,Recall,F1,AUC,Kappa
adamax,0.6952667970637963,0.6401690433749258,0.6470650515033018,0.8030200842803752,0.6379673015256095
rmsprop,0.6762480484759537,0.6217615064673888,0.6328462648661631,0.7928689101399403,0.6252709528259573
adam,0.7012965926934965,0.6359206316559257,0.6441249626164625,0.8010277151421681,0.6410933024314076
