Optimizer,Precision,Recall,F1,AUC,Kappa
adamax,0.6889458795502531,0.6317641802641802,0.6381271997981589,0.7989887464033649,0.6409918078180773
rmsprop,0.694631728372189,0.6435672105672106,0.6472287054906488,0.8047693357601627,0.6398323430444245
adam,0.6684466190227752,0.6368879290643996,0.6343141922704824,0.8019474234778384,0.6489797726670655
