Optimizer,Precision,Recall,F1,AUC,Kappa
adamax,0.7237684845840193,0.6742755381873029,0.682735744163248,0.8215967577292358,0.671075488617579
rmsprop,0.7274915950569033,0.6835035193564605,0.6830168826473834,0.8268810783669712,0.6833600948346646
adam,0.7104205201364292,0.6583075323369442,0.6673580816660754,0.8128045902479206,0.6540221789559136
