Optimizer,Precision,Recall,F1,AUC,Kappa
adamax,0.7345581976649659,0.6679608985785456,0.6769733564438694,0.8187683609017485,0.6783962347873791
rmsprop,0.723509099600644,0.6837471344922325,0.6785832897227732,0.8258625253864399,0.670973336424427
adam,0.7299519847390797,0.668370433850826,0.676570972400255,0.8180221741647261,0.6664918884713787
