Optimizer,Precision,Recall,F1,AUC,Kappa
adamax,0.743287086065897,0.6679867681338271,0.6836750499983489,0.8183877244753045,0.6704511717164173
rmsprop,0.7549576925855522,0.6591126651126652,0.6756830296867634,0.8136609303650623,0.6658159163509838
adam,0.7219143330494845,0.6498735774029892,0.6642464070078852,0.808033702431453,0.6506198007671768
