Optimizer,Precision,Recall,F1,AUC,Kappa
adamax,0.6655717658993939,0.6307810686045979,0.6285530903096992,0.7977273922522389,0.6323909629594068
rmsprop,0.6867144134456047,0.6305487225193107,0.6382881284543089,0.7980373461039135,0.6340132241412536
adam,0.6646915378919174,0.6343590429178664,0.6315816136630962,0.7996734366344688,0.6275376668876699
