Optimizer,Precision,Recall,F1,AUC,Kappa
adamax,0.7309977616784172,0.6698520727638374,0.6843370840489298,0.81908527060104,0.6668032814424789
rmsprop,0.735337178327609,0.6635279263220439,0.6788236952838576,0.8164840604119444,0.6767073035012151
adam,0.7312015235669542,0.6628510215274921,0.6773744613131362,0.8156581767067173,0.6683362147572085
