Optimizer,Precision,Recall,F1,AUC,Kappa
adamax,0.6659130117655027,0.5987930435577494,0.6131036086458143,0.7821616023612353,0.6266351114749789
rmsprop,0.6914478258860354,0.6062829654006124,0.6212066308400667,0.7856796592522449,0.6304804915962569
adam,0.685460659246116,0.6018914255678961,0.616960802097155,0.7831547188054627,0.6245981387942461
