{"dropout": 0.30000000000000004, "act": "elu", "lr": 0.027500000000000014, "units": 32}