{"dropout": 0.30000000000000004, "act": "elu", "lr": 0.0020000000000000005, "units": 247}