{"dropout": 0.30000000000000004, "act": "elu", "lr": 0.02260000000000001, "units": 32}