{"dropout": 0.30000000000000004, "act": "elu", "lr": 0.027300000000000012, "units": 32}