{"units": 122, "act": "elu", "dropout": 0.30000000000000004, "lr": 0.010999999940395355}