{"units": 167, "act": "tanh", "dropout": 0.30000000000000004, "lr": 0.0010000000474974513}