{"dropout": 0.30000000000000004, "act": "relu", "lr": 0.002300000000000001, "units": 42}