Optimizer,Precision,Recall,F1,AUC,Kappa
adamax,0.7157404615965808,0.6579078733539517,0.6649776802700982,0.8124617097979575,0.6587598855183884
rmsprop,0.7193700736593771,0.6633628886273494,0.6665933833664799,0.8147421439596071,0.6551758555282279
adam,0.6929926155986579,0.6457915281523126,0.6490629663322836,0.8055855374341953,0.6416060616656798
