Optimizer,Precision,Recall,F1,AUC,Kappa
adamax,0.7322284608461794,0.6709562998004174,0.6780505159107106,0.8183064327950669,0.6562664552723043
rmsprop,0.7384006481996227,0.6745609014170288,0.6815254990289802,0.8189909456284058,0.6484939189009997
adam,0.7180087620048107,0.6626533540533541,0.6666290318063222,0.813185410819685,0.6426390117470115
