Optimizer,Precision,Recall,F1,AUC,Kappa
adamax,0.7294536163455281,0.6674212756016679,0.6752917041278963,0.8174613037841473,0.664282927453894
rmsprop,0.7131058876928223,0.6724653926139219,0.6718532807514943,0.8201034029354288,0.6664060350300793
adam,0.7121622543589197,0.6592044141769633,0.6644808365214072,0.8132622722576285,0.6577537941864204
