Optimizer,Precision,Recall,F1,AUC,Kappa
adamax,0.6826177877146449,0.6240851912793091,0.6291969152531326,0.7947310774490157,0.6348244422286399
rmsprop,0.6655678976958498,0.6222264319921182,0.6219760255387636,0.7936017969798517,0.6301460651251622
adam,0.6703330814346581,0.6184953037158919,0.6212474870895888,0.7917972376596696,0.6289401491134414
