Optimizer,Precision,Recall,F1,AUC,Kappa
adamax,0.7263312319849502,0.673497558795598,0.6799485418225566,0.8208937793538862,0.6683958657682705
rmsprop,0.7123059742611464,0.6661060220099436,0.6677880455655972,0.8169301925529492,0.6638284594356876
adam,0.7088890000491185,0.6547416868534515,0.6621160570435304,0.8107985999718377,0.6530098927413168
