Optimizer,Precision,Recall,F1,AUC,Kappa
adamax,0.690669161523188,0.6280920085724008,0.633722119853299,0.7969565169386535,0.6391876623398348
rmsprop,0.6722040834454341,0.6252761196682766,0.626387965693979,0.7948843617296157,0.6290307357363629
adam,0.6619960584987575,0.6124129675335558,0.6148934149806001,0.7882615933566318,0.622536117517787
