Optimizer,Precision,Recall,F1,AUC,Kappa
adamax,0.6820949265830376,0.6116113509402725,0.6199574891565967,0.7875514604690717,0.6250769349961668
rmsprop,0.6802406633533955,0.6082919516939125,0.6139687163275519,0.7852325480158174,0.6176461611872647
adam,0.664155182266177,0.5895506167761069,0.5978925468837761,0.7757885742323494,0.6088381365528084
