Optimizer,Precision,Recall,F1,AUC,Kappa
adamax,0.7241388900380252,0.6640123225721265,0.6729846579506558,0.8158918379563154,0.665454341671033
rmsprop,0.7086658279624762,0.6665628540305011,0.667639726913951,0.8170648754626709,0.6627790571363801
adam,0.7086359563749816,0.6588206903118667,0.6635899708944001,0.8129831148331219,0.6575493647096415
