Optimizer,Precision,Recall,F1,AUC,Kappa
adamax,0.6747547216698592,0.6154205608117372,0.6207838296224012,0.7904580456360447,0.6305919914803727
rmsprop,0.6589691883985187,0.6223081864395589,0.6189800230708056,0.7938010036395874,0.6300432550937682
adam,0.6582294146212826,0.6164370720782486,0.6165628064102864,0.7907396208537337,0.6250368849272963
