Optimizer,Precision,Recall,F1,AUC,Kappa
adamax,0.6785894526502009,0.6147335649100355,0.617406808887269,0.7900589784356159,0.6373926315899489
rmsprop,0.6977703289574558,0.6247751725398784,0.6330594401352242,0.7961080298950133,0.6506988981966302
adam,0.683703422246203,0.5964732620320855,0.6064638848729792,0.7811334659404676,0.6343109886371262
