Optimizer,Precision,Recall,F1,AUC,Kappa
adamax,0.6881684441091903,0.6261721513780336,0.6280662889536003,0.7962791728795939,0.6397025290024322
rmsprop,0.7024599241128165,0.6420870063124965,0.6454818474831995,0.8035300970928123,0.642075711406855
adam,0.6652964487203618,0.6067818456053751,0.6151091906248403,0.7874395371230071,0.6471209436897832
