Optimizer,Precision,Recall,F1,AUC,Kappa
adamax,0.701817905353808,0.6311486585310114,0.6384606226169011,0.7995570050147301,0.6525403796845827
rmsprop,0.6804197316818458,0.647158393893688,0.6377779254268569,0.8075807766730118,0.6492380380719814
adam,0.6542303294399674,0.5875444490150373,0.5941235002704693,0.7765708445737106,0.61908673388271
