Optimizer,Precision,Recall,F1,AUC,Kappa
adamax,0.7571180825560168,0.686448212644291,0.6974678371584354,0.8282717077817875,0.6895220768681561
rmsprop,0.7174655884206956,0.6999338711397535,0.6867413279938575,0.8348549315765229,0.6855069518061142
adam,0.7380278648966514,0.6827104554849653,0.6890616621207949,0.8255972775505377,0.6725928334085536
