Optimizer,Precision,Recall,F1,AUC,Kappa
adamax,0.7420497504277966,0.6800536714556323,0.6896687804990362,0.82454865570155,0.6799045841000378
rmsprop,0.715301456344288,0.694651692896791,0.6893459040132717,0.8327074166732555,0.6910629582773321
adam,0.7527791245133143,0.6779520544814662,0.6899696656960826,0.8242486771982024,0.6893261930282716
