Optimizer,Precision,Recall,F1,AUC,Kappa
adamax,0.7464088284314888,0.6867358349711291,0.6885986769550523,0.8254728296244868,0.6579411625729156
rmsprop,0.7687664200388483,0.670867155720097,0.6894073254147254,0.8199619023184574,0.675905229235767
adam,0.7334753479244478,0.6870730660044385,0.686328985316901,0.8249898946918583,0.6476724582533914
