Optimizer,Precision,Recall,F1,AUC,Kappa
adamax,0.7376040779585374,0.6887508798391151,0.6957029234248102,0.8303811952073218,0.6977219595904568
rmsprop,0.7294947559186179,0.6648448969331322,0.6744335437455601,0.8171912317725379,0.6762587855879754
adam,0.7237952636541131,0.6642690707984825,0.6746308551878363,0.8172551911508269,0.6770835221427154
