Optimizer,Precision,Recall,F1,AUC,Kappa
adamax,0.7609692898621202,0.6742688930532067,0.6889748513557684,0.8213643358872477,0.6788053286216374
rmsprop,0.7606862613824479,0.6687945747063394,0.685407268949248,0.8195491431194762,0.6816173255541104
adam,0.7225048948468379,0.6629125417066594,0.6744195803671492,0.8166446882468389,0.6786025729815958
