Optimizer,Precision,Recall,F1,AUC,Kappa
adamax,0.6956190567857475,0.6350003199414965,0.6423502166395844,0.801247986349965,0.6527524359122597
rmsprop,0.6801156365488198,0.6405195849901731,0.6366699422389935,0.8051183278761979,0.6673177850394173
adam,0.6770192483085551,0.628217400246812,0.6271851270767688,0.7980432592242904,0.6494806805102868
