{"dropout": 0.30000000000000004, "act": "tanh", "lr": 0.009600000000000004, "units": 237}