{"dropout": 0.30000000000000004, "act": "sigmoid", "lr": 0.053900000000000024, "units": 252}