Optimizer,Precision,Recall,F1,AUC,Kappa
adamax,0.7348277601268167,0.6641209759739172,0.6699217695510576,0.8144081056801249,0.6482692907235945
rmsprop,0.7453557254556946,0.6854908816673522,0.6928697520622683,0.8274242095038868,0.6875041688356985
adam,0.72109204018576,0.6699034893936854,0.6759139091906491,0.8174996735290406,0.6518400355590491
