Optimizer,Precision,Recall,F1,AUC,Kappa
adamax,0.7523794359559434,0.6672040998217469,0.6781736339702517,0.8158126414215191,0.6491473385691785
rmsprop,0.7324135181817463,0.6857793444754229,0.6855529363158531,0.82636360348291,0.6709320825483632
adam,0.7419307882565307,0.6628389323095205,0.6721400658948915,0.814900857692226,0.6646104822067205
