Optimizer,Precision,Recall,F1,AUC,Kappa
adamax,0.7252286986658539,0.6295865771846163,0.6402936397773985,0.7963980451857359,0.6343074577502139
rmsprop,0.6951142556451174,0.6385431540137423,0.6412713897292269,0.8005716237487875,0.6326588925590034
adam,0.720938717049496,0.6399132501485443,0.6464004990567119,0.8014560010878166,0.6257177656727445
