Optimizer,Precision,Recall,F1,AUC,Kappa
adamax,0.6996549900371883,0.6035678733031674,0.611521322137655,0.7825968030472553,0.616630781096895
rmsprop,0.706444616417281,0.6111472187942776,0.6214495365916903,0.7874654463975697,0.6256305547590059
adam,0.7017233922177758,0.6280723880331723,0.6356924787996928,0.7945576732739085,0.6172069505620014
