Optimizer,Precision,Recall,F1,AUC,Kappa
adamax,0.7563115807912691,0.6910101111669739,0.7007572606489513,0.8279786913981085,0.6624480175155519
rmsprop,0.7338225183838775,0.6749978213507625,0.6778049201097504,0.8198890240259861,0.6541233046315155
adam,0.7400523630285764,0.656405444591719,0.66320677253198,0.8092241362563003,0.6360255986779679
