Optimizer,Precision,Recall,F1,AUC,Kappa
adamax,0.7496906463821863,0.6801121166415283,0.6917776993412127,0.8220536931213299,0.6613332527787869
rmsprop,0.7388989452759631,0.6708778280542985,0.6790727380680116,0.8157970732348829,0.6407875806532118
adam,0.7362270690094525,0.6603784806333826,0.6713774462096841,0.8124737295109782,0.6532137566557424
