Optimizer,Precision,Recall,F1,AUC,Kappa
adamax,0.7323822695405838,0.6630050276520865,0.6704760127828752,0.8139172399050971,0.6442946404938944
rmsprop,0.7272976327619922,0.6793280542986425,0.6821696223105346,0.8229331443569544,0.6653198538017457
adam,0.7164172300259692,0.6626889305320679,0.6636501776232109,0.813414952048201,0.6428649878906633
