Optimizer,Precision,Recall,F1,AUC,Kappa
adamax,0.6774529882468597,0.6054859454271219,0.6139820330257894,0.7831536553082962,0.6012256987791936
rmsprop,0.6799709433119178,0.6313462681109739,0.6303446828210776,0.7974341881988525,0.6265768456911401
adam,0.6924131287298773,0.6286982037570272,0.6362630566473774,0.7954570559495818,0.6149922345885545
