Optimizer,Precision,Recall,F1,AUC,Kappa
adamax,0.7094009244639078,0.621865423973267,0.6375488373030486,0.7903934285386028,0.612294741384991
rmsprop,0.7170702849536923,0.5917640913915424,0.6053280824900719,0.7739401608509873,0.5922978591686074
adam,0.681764325604195,0.5959899370781724,0.6049041735804913,0.7778041284355096,0.6091206334125345
