{"units": 57, "act": "elu", "dropout": 0.30000000000000004, "lr": 0.0026000000070780516}