{"dropout": 0.30000000000000004, "act": "sigmoid", "lr": 0.007200000000000002, "units": 62}