{"dropout": 0.30000000000000004, "act": "relu", "lr": 0.0018000000000000004, "units": 187}