Optimizer,Precision,Recall,F1,AUC,Kappa
adamax,0.7291753460574112,0.682071966522947,0.6860772501148018,0.8247242447802586,0.6680607776986269
rmsprop,0.6952916353637782,0.6703007069183539,0.6616403725129295,0.8183733354403566,0.6542440997121107
adam,0.7079828144090331,0.6756550878315584,0.6702676420877984,0.8217721784519578,0.6690481559239198
