Optimizer,Precision,Recall,F1,AUC,Kappa
adamax,0.7178131245527143,0.6915450457313203,0.6849074299469243,0.8293251894048779,0.6683454386087844
rmsprop,0.6865619031520637,0.6663430559999188,0.6571313147593826,0.8161861800203186,0.6522621443688758
adam,0.7193094590450677,0.6752908852222578,0.6751873921308308,0.8225317350785737,0.6863922062774822
