Optimizer,Precision,Recall,F1,AUC,Kappa
adamax,0.6412015134621176,0.6083892088303853,0.6036733888517413,0.7873136542223644,0.630072739883802
rmsprop,0.6421118951079251,0.6309241053064583,0.623339401648002,0.7987041174137174,0.6438283201556807
adam,0.6382037209693148,0.6219286530463001,0.6129083590222678,0.7936076617512935,0.631953717455172
