Optimizer,Precision,Recall,F1,AUC,Kappa
adamax,0.7101728091724797,0.649853306823895,0.6532082852829187,0.8086863842173652,0.6627073134709477
rmsprop,0.6319548785120032,0.609592371680607,0.600007044334094,0.7877340778229808,0.6298667832309456
adam,0.645952133443124,0.6213855066502125,0.6121848778337714,0.7942473644648772,0.6454642460536694
