Optimizer,Precision,Recall,F1,AUC,Kappa
adamax,0.6654473005654152,0.6172823839196389,0.6194048145583506,0.7907711904750357,0.6361827930771552
rmsprop,0.6909175791694708,0.6355530975923132,0.6305709942343708,0.79920884969349,0.635848894246846
adam,0.64840043903177,0.6005825677590383,0.5994734938078782,0.7816490204281621,0.6173906867665041
