Optimizer,Precision,Recall,F1,AUC,Kappa
adamax,0.7258690954673345,0.6892577001792688,0.6896559313773705,0.8275150987572834,0.6640759384238594
rmsprop,0.7291465259964709,0.7121388165211694,0.7035613818034113,0.8393795434225622,0.6760003278344545
adam,0.7338334226748704,0.6864842746215295,0.689704216176391,0.825759556818522,0.6612325657853982
