Optimizer,Precision,Recall,F1,AUC,Kappa
adamax,0.7179468705930682,0.6801041003295905,0.677985349521018,0.8237302145744767,0.6679673909119214
rmsprop,0.6927377509686165,0.6746591962866472,0.6641203251833773,0.8212283921566432,0.6638495422933408
adam,0.7136657134864682,0.6902955980112843,0.6789497088732065,0.8287479084769577,0.6635136365531195
