Optimizer,Precision,Recall,F1,AUC,Kappa
adamax,0.6969592205956903,0.6400634753772008,0.6348243708457333,0.8025910906825845,0.6372705168064834
rmsprop,0.6505541990645659,0.6289511632158691,0.6165841911169317,0.7969757394148195,0.6274570324183021
adam,0.6793004156620043,0.6391492984140044,0.6346862684096738,0.8020117406750851,0.6351848043158964
