Optimizer,Precision,Recall,F1,AUC,Kappa
adamax,0.6529722676694277,0.613304310069016,0.6086255683814413,0.7890574183310165,0.6280165371202019
rmsprop,0.6860700458441048,0.675899779595858,0.66054354396906,0.8206038804820359,0.6520536820147625
adam,0.6577483303729719,0.6311393116687234,0.6239291928913472,0.7988305600492095,0.6449384924133524
