{"dropout": 0.30000000000000004, "act": "relu", "lr": 0.015700000000000006, "units": 252}